{
  "schemaVersion": 1,
  "id": "memesprojectdisc",
  "version": "1.0.0",
  "name": "MemesProjectDisc-Fabric",
  "authors": [
    "TexTrue,TexTrueStudio,MCreator"
  ],
  "contact": {
    "homepage": "https://mcreator.net",
    "sources": "https://github.com/ClothCreators/MCreatorFabricGenerator"
  },
  "license": "Academic Free License v3.0",
  "environment": "*",
  "entrypoints": {
    "main": [
      "net.texstudio.memesprojectdisc.MemesprojectdiscMod"
    ],
    "client": [
      "net.texstudio.memesprojectdisc.ClientInit"
    ]
  },
  "depends": {
    "fabricloader": ">=0.9.0",
    "fabric": "*"
  }
}